{"cameraMode":{"drawMode":0,"name":"Shaded","section":"Shading Mode"},"sceneLighting":true,"audioPlay":false,"sceneViewState":{"showFog":true,"showMaterialUpdate":false,"showSkybox":true,"showFlares":true,"showImageEffects":true,"showParticleSystems":true},"in2DMode":false,"pivot":{"x":175.0232391357422,"y":-0.0000015196466165434686,"z":-0.0030468220356851818},"rotation":{"x":-0.012791570276021958,"y":0.9862520098686218,"z":-0.13758286833763123,"w":-0.09105388075113297},"size":1015.7962646484375,"orthographic":false}